aroma,15/02/2022
caulk,16/02/2022
shake,17/02/2022
dodge,18/02/2022
swill,19/02/2022
tacit,20/02/2022
other,21/02/2022
thorn,22/02/2022
trove,23/02/2022
bloke,24/02/2022
vivid,25/02/2022
spill,26/02/2022
chant,27/02/2022
choke,28/02/2022
rupee,01/03/2022
nasty,02/03/2022
mourn,03/03/2022
ahead,04/03/2022
brine,05/03/2022
cloth,06/03/2022
hoard,07/03/2022
sweet,08/03/2022
month,09/03/2022
lapse,10/03/2022
watch,11/03/2022
today,12/03/2022
focus,13/03/2022
smelt,14/03/2022
tease,15/03/2022
cater,16/03/2022
movie,17/03/2022
saute,18/03/2022
allow,19/03/2022
renew,20/03/2022
their,21/03/2022
slosh,22/03/2022
purge,23/03/2022
chest,24/03/2022
depot,25/03/2022
epoxy,26/03/2022
nymph,27/03/2022
found,28/03/2022
shall,29/03/2022
harry,30/03/2022
stove,31/03/2022
lowly,01/04/2022
snout,02/04/2022
trope,03/04/2022
fewer,04/04/2022
shawl,05/04/2022
natal,06/04/2022
comma,07/04/2022
foray,08/04/2022
scare,09/04/2022
stair,10/04/2022
black,11/04/2022
squad,12/04/2022
royal,13/04/2022
chunk,14/04/2022
mince,15/04/2022
shame,16/04/2022
cheek,17/04/2022
ample,18/04/2022
flair,19/04/2022
foyer,20/04/2022
cargo,21/04/2022
oxide,22/04/2022
plant,23/04/2022
olive,24/04/2022
inert,25/04/2022
askew,26/04/2022
heist,27/04/2022
shown,28/04/2022
zesty,29/04/2022
hasty,30/04/2022
trash,01/05/2022
fella,02/05/2022
larva,03/05/2022
forgo,04/05/2022
story,05/05/2022
hairy,06/05/2022
train,07/05/2022
homer,08/05/2022
badge,09/05/2022
midst,10/05/2022
canny,11/05/2022
fetus,12/05/2022
butch,13/05/2022
farce,14/05/2022
slung,15/05/2022
tipsy,16/05/2022
metal,17/05/2022
yield,18/05/2022
delve,19/05/2022
being,20/05/2022
scour,21/05/2022
glass,22/05/2022
gamer,23/05/2022
scrap,24/05/2022
money,25/05/2022
hinge,26/05/2022
album,27/05/2022
vouch,28/05/2022
asset,29/05/2022
tiara,30/05/2022
crept,31/05/2022
bayou,01/06/2022
atoll,02/06/2022
manor,03/06/2022
creak,04/06/2022
showy,05/06/2022
phase,06/06/2022
froth,07/06/2022
depth,08/06/2022
gloom,09/06/2022
flood,10/06/2022
trait,11/06/2022
girth,12/06/2022
piety,13/06/2022
payer,14/06/2022
goose,15/06/2022
float,16/06/2022
donor,17/06/2022
atone,18/06/2022
primo,19/06/2022
apron,20/06/2022
blown,21/06/2022
cacao,22/06/2022
loser,23/06/2022
input,24/06/2022
gloat,25/06/2022
awful,26/06/2022
brink,27/06/2022
smite,28/06/2022
beady,29/06/2022
rusty,30/06/2022
retro,01/07/2022
droll,02/07/2022
gawky,03/07/2022
hutch,04/07/2022
pinto,05/07/2022
gaily,06/07/2022
egret,07/07/2022
lilac,08/07/2022
sever,09/07/2022
field,10/07/2022
fluff,11/07/2022
hydro,12/07/2022
flack,13/07/2022
agape,14/07/2022
voice,15/07/2022
stead,16/07/2022
stalk,17/07/2022
berth,18/07/2022
madam,19/07/2022
night,20/07/2022
bland,21/07/2022
liver,22/07/2022
wedge,23/07/2022
augur,24/07/2022
roomy,25/07/2022
wacky,26/07/2022
flock,27/07/2022
angry,28/07/2022
bobby,29/07/2022
trite,30/07/2022
aphid,31/07/2022
tryst,01/08/2022
midge,02/08/2022
power,03/08/2022
elope,04/08/2022
cinch,05/08/2022
motto,06/08/2022
stomp,07/08/2022
upset,08/08/2022
bluff,09/08/2022
cramp,10/08/2022
quart,11/08/2022
coyly,12/08/2022
youth,13/08/2022
rhyme,14/08/2022
buggy,15/08/2022
alien,16/08/2022
smear,17/08/2022
unfit,18/08/2022
patty,19/08/2022
cling,20/08/2022
glean,21/08/2022
label,22/08/2022
hunky,23/08/2022
khaki,24/08/2022
poker,25/08/2022
gruel,26/08/2022
twice,27/08/2022
twang,28/08/2022
shrug,29/08/2022
treat,30/08/2022
unlit,31/08/2022
waste,01/09/2022
merit,02/09/2022
woven,03/09/2022
octal,04/09/2022
needy,05/09/2022
clown,06/09/2022
widow,07/09/2022
irony,08/09/2022
ruder,09/09/2022
gauze,10/09/2022
chief,11/09/2022
onset,12/09/2022
prize,13/09/2022
fungi,14/09/2022
charm,15/09/2022
gully,16/09/2022
inter,17/09/2022
whoop,18/09/2022
taunt,19/09/2022
leery,20/09/2022
class,21/09/2022
theme,22/09/2022
lofty,23/09/2022
tibia,24/09/2022
booze,25/09/2022
alpha,26/09/2022
thyme,27/09/2022
eclat,28/09/2022
doubt,29/09/2022
parer,30/09/2022
chute,01/10/2022
stick,02/10/2022
trice,03/10/2022
alike,04/10/2022
sooth,05/10/2022
recap,06/10/2022
saint,07/10/2022
liege,08/10/2022
glory,09/10/2022
grate,10/10/2022
admit,11/10/2022
brisk,12/10/2022
soggy,13/10/2022
usurp,14/10/2022
scald,15/10/2022
scorn,16/10/2022
leave,17/10/2022
twine,18/10/2022
sting,19/10/2022
bough,20/10/2022
marsh,21/10/2022
sloth,22/10/2022
dandy,23/10/2022
vigor,24/10/2022
howdy,25/10/2022
enjoy,26/10/2022
valid,27/10/2022
ionic,28/10/2022
equal,29/10/2022
unset,30/10/2022
floor,31/10/2022
catch,01/11/2022
spade,02/11/2022
stein,03/11/2022
exist,04/11/2022
quirk,05/11/2022
denim,06/11/2022
grove,07/11/2022
spiel,08/11/2022
mummy,09/11/2022
fault,10/11/2022
foggy,11/11/2022
flout,12/11/2022
carry,13/11/2022
sneak,14/11/2022
libel,15/11/2022
waltz,16/11/2022
aptly,17/11/2022
piney,18/11/2022
inept,19/11/2022
aloud,20/11/2022
photo,21/11/2022
dream,22/11/2022
stale,23/11/2022
vomit,24/11/2022
ombre,25/11/2022
fanny,26/11/2022
unite,27/11/2022
snarl,28/11/2022
baker,29/11/2022
there,30/11/2022
glyph,01/12/2022
pooch,02/12/2022
hippy,03/12/2022
spell,04/12/2022
folly,05/12/2022
louse,06/12/2022
gulch,07/12/2022
vault,08/12/2022
godly,09/12/2022
threw,10/12/2022
fleet,11/12/2022
grave,12/12/2022
inane,13/12/2022
shock,14/12/2022
crave,15/12/2022
spite,16/12/2022
valve,17/12/2022
skimp,18/12/2022
claim,19/12/2022
rainy,20/12/2022
musty,21/12/2022
pique,22/12/2022
daddy,23/12/2022
quasi,24/12/2022
arise,25/12/2022
aging,26/12/2022
valet,27/12/2022
opium,28/12/2022
avert,29/12/2022
stuck,30/12/2022
recut,31/12/2022
mulch,01/01/2023
genre,02/01/2023
plume,03/01/2023
rifle,04/01/2023
count,05/01/2023
incur,06/01/2023
total,07/01/2023
wrest,08/01/2023
mocha,09/01/2023
deter,10/01/2023
study,11/01/2023
lover,12/01/2023
safer,13/01/2023
rivet,14/01/2023
funny,15/01/2023
smoke,16/01/2023
mound,17/01/2023
undue,18/01/2023
sedan,19/01/2023
pagan,20/01/2023
swine,21/01/2023
guile,22/01/2023
gusty,23/01/2023
equip,24/01/2023
tough,25/01/2023
canoe,26/01/2023
chaos,27/01/2023
covet,28/01/2023
human,29/01/2023
udder,30/01/2023
lunch,31/01/2023
blast,01/02/2023
stray,02/02/2023
manga,03/02/2023
melee,04/02/2023
lefty,05/02/2023
quick,06/02/2023
paste,07/02/2023
given,08/02/2023
octet,09/02/2023
risen,10/02/2023
groan,11/02/2023
leaky,12/02/2023
grind,13/02/2023
carve,14/02/2023
loose,15/02/2023
sadly,16/02/2023
spilt,17/02/2023
apple,18/02/2023
slack,19/02/2023
honey,20/02/2023
final,21/02/2023
sheen,22/02/2023
eerie,23/02/2023
minty,24/02/2023
slick,25/02/2023
derby,26/02/2023
wharf,27/02/2023
spelt,28/02/2023
coach,01/03/2023
erupt,02/03/2023
singe,03/03/2023
price,04/03/2023
spawn,05/03/2023
fairy,06/03/2023
jiffy,07/03/2023
filmy,08/03/2023
stack,09/03/2023
chose,10/03/2023
sleep,11/03/2023
ardor,12/03/2023
nanny,13/03/2023
niece,14/03/2023
woozy,15/03/2023
handy,16/03/2023
grace,17/03/2023
ditto,18/03/2023
stank,19/03/2023
cream,20/03/2023
usual,21/03/2023
diode,22/03/2023
valor,23/03/2023
angle,24/03/2023
ninja,25/03/2023
muddy,26/03/2023
chase,27/03/2023
reply,28/03/2023
prone,29/03/2023
spoil,30/03/2023
heart,31/03/2023
shade,01/04/2023
diner,02/04/2023
arson,03/04/2023
onion,04/04/2023
sleet,05/04/2023
dowel,06/04/2023
couch,07/04/2023
palsy,08/04/2023
bowel,09/04/2023
smile,10/04/2023
evoke,11/04/2023
creek,12/04/2023
lance,13/04/2023
eagle,14/04/2023
idiot,15/04/2023
siren,16/04/2023
built,17/04/2023
embed,18/04/2023
award,19/04/2023
dross,20/04/2023
annul,21/04/2023
goody,22/04/2023
frown,23/04/2023
patio,24/04/2023
laden,25/04/2023
humid,26/04/2023
elite,27/04/2023
lymph,28/04/2023
edify,29/04/2023
might,30/04/2023
reset,01/05/2023
visit,02/05/2023
gusto,03/05/2023
purse,04/05/2023
vapor,05/05/2023
crock,06/05/2023
write,07/05/2023
sunny,08/05/2023
loath,09/05/2023
chaff,10/05/2023
slide,11/05/2023
queer,12/05/2023
venom,13/05/2023
stamp,14/05/2023
sorry,15/05/2023
still,16/05/2023
acorn,17/05/2023
aping,18/05/2023
pushy,19/05/2023
tamer,20/05/2023
hater,21/05/2023
mania,22/05/2023
awoke,23/05/2023
brawn,24/05/2023
swift,25/05/2023
exile,26/05/2023
birch,27/05/2023
lucky,28/05/2023
freer,29/05/2023
risky,30/05/2023
ghost,31/05/2023
plier,01/06/2023
lunar,02/06/2023
winch,03/06/2023
snare,04/06/2023
nurse,05/06/2023
house,06/06/2023
borax,07/06/2023
nicer,08/06/2023
lurch,09/06/2023
exalt,10/06/2023
about,11/06/2023
savvy,12/06/2023
toxin,13/06/2023
tunic,14/06/2023
pried,15/06/2023
inlay,16/06/2023
chump,17/06/2023
lanky,18/06/2023
cress,19/06/2023
eater,20/06/2023
elude,21/06/2023
cycle,22/06/2023
kitty,23/06/2023
boule,24/06/2023
moron,25/06/2023
tenet,26/06/2023
place,27/06/2023
lobby,28/06/2023
plush,29/06/2023
vigil,30/06/2023
index,01/07/2023
blink,02/07/2023
clung,03/07/2023
qualm,04/07/2023
croup,05/07/2023
clink,06/07/2023
juicy,07/07/2023
stage,08/07/2023
decay,09/07/2023
nerve,10/07/2023
flier,11/07/2023
shaft,12/07/2023
crook,13/07/2023
clean,14/07/2023
china,15/07/2023
ridge,16/07/2023
vowel,17/07/2023
gnome,18/07/2023
snuck,19/07/2023
icing,20/07/2023
spiny,21/07/2023
rigor,22/07/2023
snail,23/07/2023
flown,24/07/2023
rabid,25/07/2023
prose,26/07/2023
thank,27/07/2023
poppy,28/07/2023
budge,29/07/2023
fiber,30/07/2023
moldy,31/07/2023
dowdy,01/08/2023
kneel,02/08/2023
track,03/08/2023
caddy,04/08/2023
quell,05/08/2023
dumpy,06/08/2023
paler,07/08/2023
swore,08/08/2023
rebar,09/08/2023
scuba,10/08/2023
splat,11/08/2023
flyer,12/08/2023
horny,13/08/2023
mason,14/08/2023
doing,15/08/2023
ozone,16/08/2023
amply,17/08/2023
molar,18/08/2023
ovary,19/08/2023
beset,20/08/2023
queue,21/08/2023
cliff,22/08/2023
magic,23/08/2023
truce,24/08/2023
sport,25/08/2023
fritz,26/08/2023
edict,27/08/2023
twirl,28/08/2023
verse,29/08/2023
llama,30/08/2023
eaten,31/08/2023
range,01/09/2023
whisk,02/09/2023
hovel,03/09/2023
rehab,04/09/2023
macaw,05/09/2023
sigma,06/09/2023
spout,07/09/2023
verve,08/09/2023
sushi,09/09/2023
dying,10/09/2023
fetid,11/09/2023
brain,12/09/2023
buddy,13/09/2023
thump,14/09/2023
scion,15/09/2023
candy,16/09/2023
chord,17/09/2023
basin,18/09/2023
march,19/09/2023
crowd,20/09/2023
arbor,21/09/2023
gayly,22/09/2023
musky,23/09/2023
stain,24/09/2023
dally,25/09/2023
bless,26/09/2023
bravo,27/09/2023
stung,28/09/2023
title,29/09/2023
ruler,30/09/2023
kiosk,01/10/2023
blond,02/10/2023
ennui,03/10/2023
layer,04/10/2023
fluid,05/10/2023
tatty,06/10/2023
score,07/10/2023
cutie,08/10/2023
zebra,09/10/2023
barge,10/10/2023
matey,11/10/2023
bluer,12/10/2023
aider,13/10/2023
shook,14/10/2023
river,15/10/2023
privy,16/10/2023
betel,17/10/2023
frisk,18/10/2023
bongo,19/10/2023
begun,20/10/2023
azure,21/10/2023
weave,22/10/2023
genie,23/10/2023
sound,24/10/2023
glove,25/10/2023
braid,26/10/2023
scope,27/10/2023
wryly,28/10/2023
rover,29/10/2023
assay,30/10/2023
ocean,31/10/2023
bloom,01/11/2023
irate,02/11/2023
later,03/11/2023
woken,04/11/2023
silky,05/11/2023
wreck,06/11/2023
dwelt,07/11/2023
slate,08/11/2023
smack,09/11/2023
solid,10/11/2023
amaze,11/11/2023
hazel,12/11/2023
wrist,13/11/2023
jolly,14/11/2023
globe,15/11/2023
flint,16/11/2023
rouse,17/11/2023
civil,18/11/2023
vista,19/11/2023
relax,20/11/2023
cover,21/11/2023
alive,22/11/2023
beech,23/11/2023
jetty,24/11/2023
bliss,25/11/2023
vocal,26/11/2023
often,27/11/2023
dolly,28/11/2023
eight,29/11/2023
joker,30/11/2023
since,01/12/2023
event,02/12/2023
ensue,03/12/2023
shunt,04/12/2023
diver,05/12/2023
poser,06/12/2023
worst,07/12/2023
sweep,08/12/2023
alley,09/12/2023
creed,10/12/2023
anime,11/12/2023
leafy,12/12/2023
bosom,13/12/2023
dunce,14/12/2023
stare,15/12/2023
pudgy,16/12/2023
waive,17/12/2023
choir,18/12/2023
stood,19/12/2023
spoke,20/12/2023
outgo,21/12/2023
delay,22/12/2023
bilge,23/12/2023
ideal,24/12/2023
clasp,25/12/2023
seize,26/12/2023
hotly,27/12/2023
laugh,28/12/2023
sieve,29/12/2023
block,30/12/2023
meant,31/12/2023
grape,01/01/2024
noose,02/01/2024
hardy,03/01/2024
shied,04/01/2024
drawl,05/01/2024
daisy,06/01/2024
putty,07/01/2024
strut,08/01/2024
burnt,09/01/2024
tulip,10/01/2024
crick,11/01/2024
idyll,12/01/2024
vixen,13/01/2024
furor,14/01/2024
geeky,15/01/2024
cough,16/01/2024
naive,17/01/2024
shoal,18/01/2024
stork,19/01/2024
bathe,20/01/2024
aunty,21/01/2024
check,22/01/2024
prime,23/01/2024
brass,24/01/2024
outer,25/01/2024
furry,26/01/2024
razor,27/01/2024
elect,28/01/2024
evict,29/01/2024
imply,30/01/2024
demur,31/01/2024
quota,01/02/2024
haven,02/02/2024
cavil,03/02/2024
swear,04/02/2024
crump,05/02/2024
dough,06/02/2024
gavel,07/02/2024
wagon,08/02/2024
salon,09/02/2024
nudge,10/02/2024
harem,11/02/2024
pitch,12/02/2024
sworn,13/02/2024
pupil,14/02/2024
excel,15/02/2024
stony,16/02/2024
cabin,17/02/2024
unzip,18/02/2024
queen,19/02/2024
trout,20/02/2024
polyp,21/02/2024
earth,22/02/2024
storm,23/02/2024
until,24/02/2024
taper,25/02/2024
enter,26/02/2024
child,27/02/2024
adopt,28/02/2024
minor,29/02/2024
fatty,01/03/2024
husky,02/03/2024
brave,03/03/2024
filet,04/03/2024
slime,05/03/2024
glint,06/03/2024
tread,07/03/2024
steal,08/03/2024
regal,09/03/2024
guest,10/03/2024
every,11/03/2024
murky,12/03/2024
share,13/03/2024
spore,14/03/2024
hoist,15/03/2024
buxom,16/03/2024
inner,17/03/2024
otter,18/03/2024
dimly,19/03/2024
level,20/03/2024
sumac,21/03/2024
donut,22/03/2024
stilt,23/03/2024
arena,24/03/2024
sheet,25/03/2024
scrub,26/03/2024
fancy,27/03/2024
slimy,28/03/2024
pearl,29/03/2024
silly,30/03/2024
porch,31/03/2024
dingo,01/04/2024
sepia,02/04/2024
amble,03/04/2024
shady,04/04/2024
bread,05/04/2024
friar,06/04/2024
reign,07/04/2024
dairy,08/04/2024
quill,09/04/2024
cross,10/04/2024
brood,11/04/2024
tuber,12/04/2024
shear,13/04/2024
posit,14/04/2024
blank,15/04/2024
villa,16/04/2024
shank,17/04/2024
piggy,18/04/2024
freak,19/04/2024
which,20/04/2024
among,21/04/2024
fecal,22/04/2024
shell,23/04/2024
would,24/04/2024
algae,25/04/2024
large,26/04/2024
rabbi,27/04/2024
agony,28/04/2024
amuse,29/04/2024
bushy,30/04/2024
copse,01/05/2024
swoon,02/05/2024
knife,03/05/2024
pouch,04/05/2024
ascot,05/05/2024
plane,06/05/2024
crown,07/05/2024
urban,08/05/2024
snide,09/05/2024
relay,10/05/2024
abide,11/05/2024
viola,12/05/2024
rajah,13/05/2024
straw,14/05/2024
dilly,15/05/2024
crash,16/05/2024
amass,17/05/2024
third,18/05/2024
trick,19/05/2024
tutor,20/05/2024
woody,21/05/2024
blurb,22/05/2024
grief,23/05/2024
disco,24/05/2024
where,25/05/2024
sassy,26/05/2024
beach,27/05/2024
sauna,28/05/2024
comic,29/05/2024
clued,30/05/2024
creep,31/05/2024
caste,01/06/2024
graze,02/06/2024
snuff,03/06/2024
frock,04/06/2024
gonad,05/06/2024
drunk,06/06/2024
prong,07/06/2024
lurid,08/06/2024
steel,09/06/2024
halve,10/06/2024
buyer,11/06/2024
vinyl,12/06/2024
utile,13/06/2024
smell,14/06/2024
adage,15/06/2024
worry,16/06/2024
tasty,17/06/2024
local,18/06/2024
trade,19/06/2024
finch,20/06/2024
ashen,21/06/2024
modal,22/06/2024
gaunt,23/06/2024
clove,24/06/2024
enact,25/06/2024
adorn,26/06/2024
roast,27/06/2024
speck,28/06/2024
sheik,29/06/2024
missy,30/06/2024
grunt,01/07/2024
snoop,02/07/2024
party,03/07/2024
touch,04/07/2024
mafia,05/07/2024
emcee,06/07/2024
array,07/07/2024
south,08/07/2024
vapid,09/07/2024
jelly,10/07/2024
skulk,11/07/2024
angst,12/07/2024
tubal,13/07/2024
lower,14/07/2024
crest,15/07/2024
sweat,16/07/2024
cyber,17/07/2024
adore,18/07/2024
tardy,19/07/2024
swami,20/07/2024
notch,21/07/2024
groom,22/07/2024
roach,23/07/2024
hitch,24/07/2024
young,25/07/2024
align,26/07/2024
ready,27/07/2024
frond,28/07/2024
strap,29/07/2024
puree,30/07/2024
realm,31/07/2024
venue,01/08/2024
swarm,02/08/2024
offer,03/08/2024
seven,04/08/2024
dryer,05/08/2024
diary,06/08/2024
dryly,07/08/2024
drank,08/08/2024
acrid,09/08/2024
heady,10/08/2024
theta,11/08/2024
junto,12/08/2024
pixie,13/08/2024
quoth,14/08/2024
bonus,15/08/2024
shalt,16/08/2024
penne,17/08/2024
amend,18/08/2024
datum,19/08/2024
build,20/08/2024
piano,21/08/2024
shelf,22/08/2024
lodge,23/08/2024
suing,24/08/2024
rearm,25/08/2024
coral,26/08/2024
ramen,27/08/2024
worth,28/08/2024
psalm,29/08/2024
infer,30/08/2024
overt,31/08/2024
mayor,01/09/2024
ovoid,02/09/2024
glide,03/09/2024
usage,04/09/2024
poise,05/09/2024
randy,06/09/2024
chuck,07/09/2024
prank,08/09/2024
fishy,09/09/2024
tooth,10/09/2024
ether,11/09/2024
drove,12/09/2024
idler,13/09/2024
swath,14/09/2024
stint,15/09/2024
while,16/09/2024
begat,17/09/2024
apply,18/09/2024
slang,19/09/2024
tarot,20/09/2024
radar,21/09/2024
credo,22/09/2024
aware,23/09/2024
canon,24/09/2024
shift,25/09/2024
timer,26/09/2024
bylaw,27/09/2024
serum,28/09/2024
three,29/09/2024
steak,30/09/2024
iliac,01/10/2024
shirk,02/10/2024
blunt,03/10/2024
puppy,04/10/2024
penal,05/10/2024
joist,06/10/2024
bunny,07/10/2024
shape,08/10/2024
beget,09/10/2024
wheel,10/10/2024
adept,11/10/2024
stunt,12/10/2024
stole,13/10/2024
topaz,14/10/2024
chore,15/10/2024
fluke,16/10/2024
afoot,17/10/2024
bloat,18/10/2024
bully,19/10/2024
dense,20/10/2024
caper,21/10/2024
sneer,22/10/2024
boxer,23/10/2024
jumbo,24/10/2024
lunge,25/10/2024
space,26/10/2024
avail,27/10/2024
short,28/10/2024
slurp,29/10/2024
loyal,30/10/2024
flirt,31/10/2024
pizza,01/11/2024
conch,02/11/2024
tempo,03/11/2024
droop,04/11/2024
plate,05/11/2024
bible,06/11/2024
plunk,07/11/2024
afoul,08/11/2024
savoy,09/11/2024
steep,10/11/2024
agile,11/11/2024
stake,12/11/2024
dwell,13/11/2024
knave,14/11/2024
beard,15/11/2024
arose,16/11/2024
motif,17/11/2024
smash,18/11/2024
broil,19/11/2024
glare,20/11/2024
shove,21/11/2024
baggy,22/11/2024
mammy,23/11/2024
swamp,24/11/2024
along,25/11/2024
rugby,26/11/2024
wager,27/11/2024
quack,28/11/2024
squat,29/11/2024
snaky,30/11/2024
debit,01/12/2024
mange,02/12/2024
skate,03/12/2024
ninth,04/12/2024
joust,05/12/2024
tramp,06/12/2024
spurn,07/12/2024
medal,08/12/2024
micro,09/12/2024
rebel,10/12/2024
flank,11/12/2024
learn,12/12/2024
nadir,13/12/2024
maple,14/12/2024
comfy,15/12/2024
remit,16/12/2024
gruff,17/12/2024
ester,18/12/2024
least,19/12/2024
mogul,20/12/2024
fetch,21/12/2024
cause,22/12/2024
oaken,23/12/2024
aglow,24/12/2024
meaty,25/12/2024
gaffe,26/12/2024
shyly,27/12/2024
racer,28/12/2024
prowl,29/12/2024
thief,30/12/2024
stern,31/12/2024
poesy,01/01/2025
rocky,02/01/2025
tweet,03/01/2025
waist,04/01/2025
spire,05/01/2025
grope,06/01/2025
havoc,07/01/2025
patsy,08/01/2025
truly,09/01/2025
forty,10/01/2025
deity,11/01/2025
uncle,12/01/2025
swish,13/01/2025
giver,14/01/2025
preen,15/01/2025
bevel,16/01/2025
lemur,17/01/2025
draft,18/01/2025
slope,19/01/2025
annoy,20/01/2025
lingo,21/01/2025
bleak,22/01/2025
ditty,23/01/2025
curly,24/01/2025
cedar,25/01/2025
dirge,26/01/2025
grown,27/01/2025
horde,28/01/2025
drool,29/01/2025
shuck,30/01/2025
crypt,31/01/2025
cumin,01/02/2025
stock,02/02/2025
gravy,03/02/2025
locus,04/02/2025
wider,05/02/2025
breed,06/02/2025
quite,07/02/2025
chafe,08/02/2025
cache,09/02/2025
blimp,10/02/2025
deign,11/02/2025
fiend,12/02/2025
logic,13/02/2025
cheap,14/02/2025
elide,15/02/2025
rigid,16/02/2025
FALSE,17/02/2025
renal,18/02/2025
pence,19/02/2025
rowdy,20/02/2025
shoot,21/02/2025
blaze,22/02/2025
envoy,23/02/2025
posse,24/02/2025
brief,25/02/2025
never,26/02/2025
abort,27/02/2025
mouse,28/02/2025
mucky,01/03/2025
sulky,02/03/2025
fiery,03/03/2025
media,04/03/2025
trunk,05/03/2025
yeast,06/03/2025
clear,07/03/2025
skunk,08/03/2025
scalp,09/03/2025
bitty,10/03/2025
cider,11/03/2025
koala,12/03/2025
duvet,13/03/2025
segue,14/03/2025
creme,15/03/2025
super,16/03/2025
grill,17/03/2025
after,18/03/2025
owner,19/03/2025
ember,20/03/2025
reach,21/03/2025
nobly,22/03/2025
empty,23/03/2025
speed,24/03/2025
gipsy,25/03/2025
recur,26/03/2025
smock,27/03/2025
dread,28/03/2025
merge,29/03/2025
burst,30/03/2025
kappa,31/03/2025
amity,01/04/2025
shaky,02/04/2025
hover,03/04/2025
carol,04/04/2025
snort,05/04/2025
synod,06/04/2025
faint,07/04/2025
haunt,08/04/2025
flour,09/04/2025
chair,10/04/2025
detox,11/04/2025
shrew,12/04/2025
tense,13/04/2025
plied,14/04/2025
quark,15/04/2025
burly,16/04/2025
novel,17/04/2025
waxen,18/04/2025
stoic,19/04/2025
jerky,20/04/2025
blitz,21/04/2025
beefy,22/04/2025
lyric,23/04/2025
hussy,24/04/2025
towel,25/04/2025
quilt,26/04/2025
below,27/04/2025
bingo,28/04/2025
wispy,29/04/2025
brash,30/04/2025
scone,01/05/2025
toast,02/05/2025
easel,03/05/2025
saucy,04/05/2025
value,05/05/2025
spice,06/05/2025
honor,07/05/2025
route,08/05/2025
sharp,09/05/2025
bawdy,10/05/2025
radii,11/05/2025
skull,12/05/2025
phony,13/05/2025
issue,14/05/2025
lager,15/05/2025
swell,16/05/2025
urine,17/05/2025
gassy,18/05/2025
trial,19/05/2025
flora,20/05/2025
upper,21/05/2025
latch,22/05/2025
wight,23/05/2025
brick,24/05/2025
retry,25/05/2025
holly,26/05/2025
decal,27/05/2025
grass,28/05/2025
shack,29/05/2025
dogma,30/05/2025
mover,31/05/2025
defer,01/06/2025
sober,02/06/2025
optic,03/06/2025
crier,04/06/2025
vying,05/06/2025
nomad,06/06/2025
flute,07/06/2025
hippo,08/06/2025
shark,09/06/2025
drier,10/06/2025
obese,11/06/2025
bugle,12/06/2025
tawny,13/06/2025
chalk,14/06/2025
feast,15/06/2025
ruddy,16/06/2025
pedal,17/06/2025
scarf,18/06/2025
cruel,19/06/2025
bleat,20/06/2025
tidal,21/06/2025
slush,22/06/2025
semen,23/06/2025
windy,24/06/2025
dusty,25/06/2025
sally,26/06/2025
igloo,27/06/2025
nerdy,28/06/2025
jewel,29/06/2025
shone,30/06/2025
whale,01/07/2025
hymen,02/07/2025
abuse,03/07/2025
fugue,04/07/2025
elbow,05/07/2025
crumb,06/07/2025
pansy,07/07/2025
welsh,08/07/2025
syrup,09/07/2025
terse,10/07/2025
suave,11/07/2025
gamut,12/07/2025
swung,13/07/2025
drake,14/07/2025
freed,15/07/2025
afire,16/07/2025
shirt,17/07/2025
grout,18/07/2025
oddly,19/07/2025
tithe,20/07/2025
plaid,21/07/2025
dummy,22/07/2025
broom,23/07/2025
blind,24/07/2025
torch,25/07/2025
enemy,26/07/2025
again,27/07/2025
tying,28/07/2025
pesky,29/07/2025
alter,30/07/2025
gazer,31/07/2025
noble,01/08/2025
ethos,02/08/2025
bride,03/08/2025
extol,04/08/2025
decor,05/08/2025
hobby,06/08/2025
beast,07/08/2025
idiom,08/08/2025
utter,09/08/2025
these,10/08/2025
sixth,11/08/2025
alarm,12/08/2025
erase,13/08/2025
elegy,14/08/2025
spunk,15/08/2025
piper,16/08/2025
scaly,17/08/2025
scold,18/08/2025
hefty,19/08/2025
chick,20/08/2025
sooty,21/08/2025
canal,22/08/2025
whiny,23/08/2025
slash,24/08/2025
quake,25/08/2025
joint,26/08/2025
swept,27/08/2025
prude,28/08/2025
heavy,29/08/2025
wield,30/08/2025
femme,31/08/2025
lasso,01/09/2025
maize,02/09/2025
shale,03/09/2025
screw,04/09/2025
spree,05/09/2025
smoky,06/09/2025
whiff,07/09/2025
scent,08/09/2025
glade,09/09/2025
spent,10/09/2025
prism,11/09/2025
stoke,12/09/2025
riper,13/09/2025
orbit,14/09/2025
cocoa,15/09/2025
guilt,16/09/2025
humus,17/09/2025
shush,18/09/2025
table,19/09/2025
smirk,20/09/2025
wrong,21/09/2025
noisy,22/09/2025
alert,23/09/2025
shiny,24/09/2025
elate,25/09/2025
resin,26/09/2025
whole,27/09/2025
hunch,28/09/2025
pixel,29/09/2025
polar,30/09/2025
hotel,01/10/2025
sword,02/10/2025
cleat,03/10/2025
mango,04/10/2025
rumba,05/10/2025
puffy,06/10/2025
filly,07/10/2025
billy,08/10/2025
leash,09/10/2025
clout,10/10/2025
dance,11/10/2025
ovate,12/10/2025
facet,13/10/2025
chili,14/10/2025
paint,15/10/2025
liner,16/10/2025
curio,17/10/2025
salty,18/10/2025
audio,19/10/2025
snake,20/10/2025
fable,21/10/2025
cloak,22/10/2025
navel,23/10/2025
spurt,24/10/2025
pesto,25/10/2025
balmy,26/10/2025
flash,27/10/2025
unwed,28/10/2025
early,29/10/2025
churn,30/10/2025
weedy,31/10/2025
stump,01/11/2025
lease,02/11/2025
witty,03/11/2025
wimpy,04/11/2025
spoof,05/11/2025
saner,06/11/2025
blend,07/11/2025
salsa,08/11/2025
thick,09/11/2025
warty,10/11/2025
manic,11/11/2025
blare,12/11/2025
squib,13/11/2025
spoon,14/11/2025
probe,15/11/2025
crepe,16/11/2025
knack,17/11/2025
force,18/11/2025
debut,19/11/2025
order,20/11/2025
haste,21/11/2025
teeth,22/11/2025
agent,23/11/2025
widen,24/11/2025
icily,25/11/2025
slice,26/11/2025
ingot,27/11/2025
clash,28/11/2025
juror,29/11/2025
blood,30/11/2025
abode,01/12/2025
throw,02/12/2025
unity,03/12/2025
pivot,04/12/2025
slept,05/12/2025
troop,06/12/2025
spare,07/12/2025
sewer,08/12/2025
parse,09/12/2025
morph,10/12/2025
cacti,11/12/2025
tacky,12/12/2025
spool,13/12/2025
demon,14/12/2025
moody,15/12/2025
annex,16/12/2025
begin,17/12/2025
fuzzy,18/12/2025
patch,19/12/2025
water,20/12/2025
lumpy,21/12/2025
admin,22/12/2025
omega,23/12/2025
limit,24/12/2025
tabby,25/12/2025
macho,26/12/2025
aisle,27/12/2025
skiff,28/12/2025
basis,29/12/2025
plank,30/12/2025
verge,31/12/2025
botch,01/01/2026
crawl,02/01/2026
lousy,03/01/2026
slain,04/01/2026
cubic,05/01/2026
raise,06/01/2026
wrack,07/01/2026
guide,08/01/2026
foist,09/01/2026
cameo,10/01/2026
under,11/01/2026
actor,12/01/2026
revue,13/01/2026
fraud,14/01/2026
harpy,15/01/2026
scoop,16/01/2026
climb,17/01/2026
refer,18/01/2026
olden,19/01/2026
clerk,20/01/2026
debar,21/01/2026
tally,22/01/2026
ethic,23/01/2026
cairn,24/01/2026
tulle,25/01/2026
ghoul,26/01/2026
hilly,27/01/2026
crude,28/01/2026
apart,29/01/2026
scale,30/01/2026
older,31/01/2026
plain,01/02/2026
sperm,02/02/2026
briny,03/02/2026
abbot,04/02/2026
rerun,05/02/2026
quest,06/02/2026
crisp,07/02/2026
bound,08/02/2026
befit,09/02/2026
drawn,10/02/2026
suite,11/02/2026
itchy,12/02/2026
cheer,13/02/2026
bagel,14/02/2026
guess,15/02/2026
broad,16/02/2026
axiom,17/02/2026
chard,18/02/2026
caput,19/02/2026
leant,20/02/2026
harsh,21/02/2026
curse,22/02/2026
proud,23/02/2026
swing,24/02/2026
opine,25/02/2026
taste,26/02/2026
lupus,27/02/2026
gumbo,28/02/2026
miner,01/03/2026
green,02/03/2026
chasm,03/03/2026
lipid,04/03/2026
topic,05/03/2026
armor,06/03/2026
brush,07/03/2026
crane,08/03/2026
mural,09/03/2026
abled,10/03/2026
habit,11/03/2026
bossy,12/03/2026
maker,13/03/2026
dusky,14/03/2026
dizzy,15/03/2026
lithe,16/03/2026
brook,17/03/2026
jazzy,18/03/2026
fifty,19/03/2026
sense,20/03/2026
giant,21/03/2026
surly,22/03/2026
legal,23/03/2026
fatal,24/03/2026
flunk,25/03/2026
began,26/03/2026
prune,27/03/2026
small,28/03/2026
slant,29/03/2026
scoff,30/03/2026
torus,31/03/2026
ninny,01/04/2026
covey,02/04/2026
viper,03/04/2026
taken,04/04/2026
moral,05/04/2026
vogue,06/04/2026
owing,07/04/2026
token,08/04/2026
entry,09/04/2026
booth,10/04/2026
voter,11/04/2026
chide,12/04/2026
elfin,13/04/2026
ebony,14/04/2026
neigh,15/04/2026
minim,16/04/2026
melon,17/04/2026
kneed,18/04/2026
decoy,19/04/2026
voila,20/04/2026
ankle,21/04/2026
arrow,22/04/2026
mushy,23/04/2026
tribe,24/04/2026
cease,25/04/2026
eager,26/04/2026
birth,27/04/2026
graph,28/04/2026
odder,29/04/2026
terra,30/04/2026
weird,01/05/2026
tried,02/05/2026
clack,03/05/2026
color,04/05/2026
rough,05/05/2026
weigh,06/05/2026
uncut,07/05/2026
ladle,08/05/2026
strip,09/05/2026
craft,10/05/2026
minus,11/05/2026
dicey,12/05/2026
titan,13/05/2026
lucid,14/05/2026
vicar,15/05/2026
dress,16/05/2026
ditch,17/05/2026
gypsy,18/05/2026
pasta,19/05/2026
taffy,20/05/2026
flame,21/05/2026
swoop,22/05/2026
aloof,23/05/2026
sight,24/05/2026
broke,25/05/2026
teary,26/05/2026
chart,27/05/2026
sixty,28/05/2026
wordy,29/05/2026
sheer,30/05/2026
leper,31/05/2026
nosey,01/06/2026
bulge,02/06/2026
savor,03/06/2026
clamp,04/06/2026
funky,05/06/2026
foamy,06/06/2026
toxic,07/06/2026
brand,08/06/2026
plumb,09/06/2026
dingy,10/06/2026
butte,11/06/2026
drill,12/06/2026
tripe,13/06/2026
bicep,14/06/2026
tenor,15/06/2026
krill,16/06/2026
worse,17/06/2026
drama,18/06/2026
hyena,19/06/2026
think,20/06/2026
ratio,21/06/2026
cobra,22/06/2026
basil,23/06/2026
scrum,24/06/2026
bused,25/06/2026
phone,26/06/2026
court,27/06/2026
camel,28/06/2026
proof,29/06/2026
heard,30/06/2026
angel,01/07/2026
petal,02/07/2026
pouty,03/07/2026
throb,04/07/2026
maybe,05/07/2026
fetal,06/07/2026
sprig,07/07/2026
spine,08/07/2026
shout,09/07/2026
cadet,10/07/2026
macro,11/07/2026
dodgy,12/07/2026
satyr,13/07/2026
rarer,14/07/2026
binge,15/07/2026
trend,16/07/2026
nutty,17/07/2026
leapt,18/07/2026
amiss,19/07/2026
split,20/07/2026
myrrh,21/07/2026
width,22/07/2026
sonar,23/07/2026
tower,24/07/2026
baron,25/07/2026
fever,26/07/2026
waver,27/07/2026
spark,28/07/2026
belie,29/07/2026
sloop,30/07/2026
expel,31/07/2026
smote,01/08/2026
baler,02/08/2026
above,03/08/2026
north,04/08/2026
wafer,05/08/2026
scant,06/08/2026
frill,07/08/2026
awash,08/08/2026
snack,09/08/2026
scowl,10/08/2026
frail,11/08/2026
drift,12/08/2026
limbo,13/08/2026
fence,14/08/2026
motel,15/08/2026
ounce,16/08/2026
wreak,17/08/2026
revel,18/08/2026
talon,19/08/2026
prior,20/08/2026
knelt,21/08/2026
cello,22/08/2026
flake,23/08/2026
debug,24/08/2026
anode,25/08/2026
crime,26/08/2026
salve,27/08/2026
scout,28/08/2026
imbue,29/08/2026
pinky,30/08/2026
stave,31/08/2026
vague,01/09/2026
chock,02/09/2026
fight,03/09/2026
video,04/09/2026
stone,05/09/2026
teach,06/09/2026
cleft,07/09/2026
frost,08/09/2026
prawn,09/09/2026
booty,10/09/2026
twist,11/09/2026
apnea,12/09/2026
stiff,13/09/2026
plaza,14/09/2026
ledge,15/09/2026
tweak,16/09/2026
board,17/09/2026
grant,18/09/2026
medic,19/09/2026
bacon,20/09/2026
cable,21/09/2026
brawl,22/09/2026
slunk,23/09/2026
raspy,24/09/2026
forum,25/09/2026
drone,26/09/2026
women,27/09/2026
mucus,28/09/2026
boast,29/09/2026
toddy,30/09/2026
coven,01/10/2026
tumor,02/10/2026
truer,03/10/2026
wrath,04/10/2026
stall,05/10/2026
steam,06/10/2026
axial,07/10/2026
purer,08/10/2026
daily,09/10/2026
trail,10/10/2026
niche,11/10/2026
mealy,12/10/2026
juice,13/10/2026
nylon,14/10/2026
plump,15/10/2026
merry,16/10/2026
flail,17/10/2026
papal,18/10/2026
wheat,19/10/2026
berry,20/10/2026
cower,21/10/2026
erect,22/10/2026
brute,23/10/2026
leggy,24/10/2026
snipe,25/10/2026
sinew,26/10/2026
skier,27/10/2026
penny,28/10/2026
jumpy,29/10/2026
rally,30/10/2026
umbra,31/10/2026
scary,01/11/2026
modem,02/11/2026
gross,03/11/2026
avian,04/11/2026
greed,05/11/2026
satin,06/11/2026
tonic,07/11/2026
parka,08/11/2026
sniff,09/11/2026
livid,10/11/2026
stark,11/11/2026
trump,12/11/2026
giddy,13/11/2026
reuse,14/11/2026
taboo,15/11/2026
avoid,16/11/2026
quote,17/11/2026
devil,18/11/2026
liken,19/11/2026
gloss,20/11/2026
gayer,21/11/2026
beret,22/11/2026
noise,23/11/2026
gland,24/11/2026
dealt,25/11/2026
sling,26/11/2026
rumor,27/11/2026
opera,28/11/2026
thigh,29/11/2026
tonga,30/11/2026
flare,01/12/2026
wound,02/12/2026
white,03/12/2026
bulky,04/12/2026
etude,05/12/2026
horse,06/12/2026
circa,07/12/2026
paddy,08/12/2026
inbox,09/12/2026
fizzy,10/12/2026
grain,11/12/2026
exert,12/12/2026
surge,13/12/2026
gleam,14/12/2026
belle,15/12/2026
salvo,16/12/2026
crush,17/12/2026
fruit,18/12/2026
sappy,19/12/2026
taker,20/12/2026
tract,21/12/2026
ovine,22/12/2026
spiky,23/12/2026
frank,24/12/2026
reedy,25/12/2026
filth,26/12/2026
spasm,27/12/2026
heave,28/12/2026
mambo,29/12/2026
right,30/12/2026
clank,31/12/2026
trust,01/01/2027
lumen,02/01/2027
borne,03/01/2027
spook,04/01/2027
sauce,05/01/2027
amber,06/01/2027
lathe,07/01/2027
carat,08/01/2027
corer,09/01/2027
dirty,10/01/2027
slyly,11/01/2027
affix,12/01/2027
alloy,13/01/2027
taint,14/01/2027
sheep,15/01/2027
kinky,16/01/2027
wooly,17/01/2027
mauve,18/01/2027
flung,19/01/2027
yacht,20/01/2027
fried,21/01/2027
quail,22/01/2027
brunt,23/01/2027
grimy,24/01/2027
curvy,25/01/2027
cagey,26/01/2027
rinse,27/01/2027
deuce,28/01/2027
state,29/01/2027
grasp,30/01/2027
milky,31/01/2027
bison,01/02/2027
graft,02/02/2027
sandy,03/02/2027
baste,04/02/2027
flask,05/02/2027
hedge,06/02/2027
girly,07/02/2027
swash,08/02/2027
boney,09/02/2027
coupe,10/02/2027
endow,11/02/2027
abhor,12/02/2027
welch,13/02/2027
blade,14/02/2027
tight,15/02/2027
geese,16/02/2027
miser,17/02/2027
mirth,18/02/2027
cloud,19/02/2027
cabal,20/02/2027
leech,21/02/2027
close,22/02/2027
tenth,23/02/2027
pecan,24/02/2027
droit,25/02/2027
grail,26/02/2027
clone,27/02/2027
guise,28/02/2027
ralph,01/03/2027
tango,02/03/2027
biddy,03/03/2027
smith,04/03/2027
mower,05/03/2027
payee,06/03/2027
serif,07/03/2027
drape,08/03/2027
fifth,09/03/2027
spank,10/03/2027
glaze,11/03/2027
allot,12/03/2027
truck,13/03/2027
kayak,14/03/2027
virus,15/03/2027
testy,16/03/2027
tepee,17/03/2027
fully,18/03/2027
zonal,19/03/2027
metro,20/03/2027
curry,21/03/2027
grand,22/03/2027
banjo,23/03/2027
axion,24/03/2027
bezel,25/03/2027
occur,26/03/2027
chain,27/03/2027
nasal,28/03/2027
gooey,29/03/2027
filer,30/03/2027
brace,31/03/2027
allay,01/04/2027
pubic,02/04/2027
raven,03/04/2027
plead,04/04/2027
gnash,05/04/2027
flaky,06/04/2027
munch,07/04/2027
dully,08/04/2027
eking,09/04/2027
thing,10/04/2027
slink,11/04/2027
hurry,12/04/2027
theft,13/04/2027
shorn,14/04/2027
pygmy,15/04/2027
ranch,16/04/2027
wring,17/04/2027
lemon,18/04/2027
shore,19/04/2027
mamma,20/04/2027
froze,21/04/2027
newer,22/04/2027
style,23/04/2027
moose,24/04/2027
antic,25/04/2027
drown,26/04/2027
vegan,27/04/2027
chess,28/04/2027
guppy,29/04/2027
union,30/04/2027
lever,01/05/2027
lorry,02/05/2027
image,03/05/2027
cabby,04/05/2027
druid,05/05/2027
exact,06/05/2027
truth,07/05/2027
dopey,08/05/2027
spear,09/05/2027
cried,10/05/2027
chime,11/05/2027
crony,12/05/2027
stunk,13/05/2027
timid,14/05/2027
batch,15/05/2027
gauge,16/05/2027
rotor,17/05/2027
crack,18/05/2027
curve,19/05/2027
latte,20/05/2027
witch,21/05/2027
bunch,22/05/2027
repel,23/05/2027
anvil,24/05/2027
soapy,25/05/2027
meter,26/05/2027
broth,27/05/2027
madly,28/05/2027
dried,29/05/2027
scene,30/05/2027
known,31/05/2027
magma,01/06/2027
roost,02/06/2027
woman,03/06/2027
thong,04/06/2027
punch,05/06/2027
pasty,06/06/2027
downy,07/06/2027
knead,08/06/2027
whirl,09/06/2027
rapid,10/06/2027
clang,11/06/2027
anger,12/06/2027
drive,13/06/2027
goofy,14/06/2027
email,15/06/2027
music,16/06/2027
stuff,17/06/2027
bleep,18/06/2027
rider,19/06/2027
mecca,20/06/2027
folio,21/06/2027
setup,22/06/2027
verso,23/06/2027
quash,24/06/2027
fauna,25/06/2027
gummy,26/06/2027
happy,27/06/2027
newly,28/06/2027
fussy,29/06/2027
relic,30/06/2027
guava,01/07/2027
ratty,02/07/2027
fudge,03/07/2027
femur,04/07/2027
chirp,05/07/2027
forte,06/07/2027
alibi,07/07/2027
whine,08/07/2027
petty,09/07/2027
golly,10/07/2027
plait,11/07/2027
fleck,12/07/2027
felon,13/07/2027
gourd,14/07/2027
brown,15/07/2027
thrum,16/07/2027
ficus,17/07/2027
stash,18/07/2027
decry,19/07/2027
wiser,20/07/2027
junta,21/07/2027
visor,22/07/2027
daunt,23/07/2027
scree,24/07/2027
impel,25/07/2027
await,26/07/2027
press,27/07/2027
whose,28/07/2027
turbo,29/07/2027
stoop,30/07/2027
speak,31/07/2027
mangy,01/08/2027
eying,02/08/2027
inlet,03/08/2027
crone,04/08/2027
pulse,05/08/2027
mossy,06/08/2027
staid,07/08/2027
hence,08/08/2027
pinch,09/08/2027
teddy,10/08/2027
sully,11/08/2027
snore,12/08/2027
ripen,13/08/2027
snowy,14/08/2027
attic,15/08/2027
going,16/08/2027
leach,17/08/2027
mouth,18/08/2027
hound,19/08/2027
clump,20/08/2027
tonal,21/08/2027
bigot,22/08/2027
peril,23/08/2027
piece,24/08/2027
blame,25/08/2027
haute,26/08/2027
spied,27/08/2027
undid,28/08/2027
intro,29/08/2027
basal,30/08/2027
shine,31/08/2027
gecko,01/09/2027
rodeo,02/09/2027
guard,03/09/2027
steer,04/09/2027
loamy,05/09/2027
scamp,06/09/2027
scram,07/09/2027
manly,08/09/2027
hello,09/09/2027
vaunt,10/09/2027
organ,11/09/2027
feral,12/09/2027
knock,13/09/2027
extra,14/09/2027
condo,15/09/2027
adapt,16/09/2027
willy,17/09/2027
polka,18/09/2027
rayon,19/09/2027
skirt,20/09/2027
faith,21/09/2027
torso,22/09/2027
match,23/09/2027
mercy,24/09/2027
tepid,25/09/2027
sleek,26/09/2027
riser,27/09/2027
twixt,28/09/2027
peace,29/09/2027
flush,30/09/2027
catty,01/10/2027
login,02/10/2027
eject,03/10/2027
roger,04/10/2027
rival,05/10/2027
untie,06/10/2027
refit,07/10/2027
aorta,08/10/2027
adult,09/10/2027
judge,10/10/2027
rower,11/10/2027
artsy,12/10/2027
rural,13/10/2027
shave,14/10/2027